song_title_db,artist_name_db,youtube_code
Like a Rolling Stone,Bob Dylan,IwOfCgkyEj0
(I Can't Get No) Satisfaction,Rolling Stones The,nrIPxlFzDi0
Imagine,John Lennon,VOgFZfRVaww
What's Going On,Marvin Gaye,H-kA3UtBj4M
Respect,Aretha  Franklin,6FOUqQt3Kg0
Johnny B. Goode,Chuck  Berry,T38v3-SSGcM
Hey Jude,Beatles The,A_MjCqQoLLA
What'd I Say,Ray Charles,6uTDa3771HM
Smells Like Teen Spirit,Nirvana ,hTWKbfoikeg
Good Vibrations,Beach Boys The,rQ-UFKxDq5o
My Generation,Who The,qN5zw04WxCc
A Change Is Gonna Come,Sam Cooke,wEBlaMOmKV4
Blowin' in the Wind,Bob Dylan,l9frfd97bMM
Yesterday,Beatles The,fCV9oqtwyVA
London Calling,Clash The,a3XqMtam1I0
I Want to Hold Your Hand,Beatles The,v1HDt1tknTc
Purple Haze,Jimi Hendrix Experience The,WGoDaYjdfSg
Maybellene,Chuck  Berry,75RiHJGfyUE
Hound Dog,Elvis Presley,-eHJ12Vhpyc
Let It Be,Beatles The,CGj85pVzRJs
Born to Run,Bruce  Springsteen,Wu4_zVxmufY
Be My Baby,Ronettes The,ZV5tgZlTEkQ
In My Life,Beatles The,QR1CwJTXUIk
People Get Ready,Impressions The,l04yM7-BWbg
God Only Knows,Beach Boys The,CWPo5SC3zik
(Sittin' On) The Dock of the Bay,Otis Redding,rTVjnBo96Ug
Layla,Derek and the Dominos ,TngViNw2pOo
A Day in the Life,Beatles The,usNsCeOV4GM
Help!,Beatles The,2Q_ZzBGPdqE
I Walk the Line,Johnny Cash,jh169rVMveA
River Deep – Mountain High,Ike and Tina Turner ,qHBEw9I999o
You've Lost That Lovin' Feelin',Righteous Brothers The,xEkB-VQviLI
Light My Fire,Doors The,qoX6AKuYWL8
One,U2 ,xh-ACkYmdc4
"No Woman, No Cry",Bob Marley and the Wailers ,mZ6VezKMoRY
Gimme Shelter,Rolling Stones The,8kl6q_9qZOs
That'll Be the Day,Buddy Holly and the Crickets ,eq9FCBatl3A
Dancing in the Street,Martha Reeves and the Vandellas ,9KhbM2mqhCQ
Stairway to Heaven,Led Zeppelin ,9pVH4XDHzx8
Sympathy for the Devil,Rolling Stones The,Jwtyn-L-2gQ
Tutti-Frutti,Little Richard,F13JNjpNW6c
Georgia on My Mind,Ray Charles,fRgWBN8yt_E
Heartbreak Hotel,Elvis Presley,e9BLw4W5KU8
Heroes,David Bowie,Kyk7tOiGgZU
All Along the Watchtower,Jimi Hendrix Experience The,TLV4_xaYynY
Bridge over Troubled Water,Simon and Garfunkel ,WrcwRt6J32o
Hotel California,Eagles The,VgVa2ep-3AQ
The Tracks of My Tears,Smokey Robinson and the Miracles ,d88okgCrKus
The Weight,Band The,FFqb1I-hiHE
Waterloo Sunset,Kinks The,N_MqfF0WBsU
When a Man Loves a Woman,Percy Sledge,zQHrNfCg6v4
Louie Louie,Kingsmen The,xKt75jUuKJY
Long Tall Sally,Little Richard,eFFgbc5Vcbw
Anarchy in the U.K.,Sex Pistols The,Uc89WTEh-jE
Whiter Shade of Pale,Procol Harum ,_BADDeIQWVQ
Billie Jean,Michael Jackson,Zi_XLOBDo_Y
The Times They Are A-Changing,Bob Dylan,90WD_ats6eE
Let's Stay Together,Al Green,COiIC3A0ROM
The Message,Grandmaster Flash and the Furious Five ,4kjeWGQ175g
When Doves Cry,Prince and the Revolution ,oTUSeac7IuQ
For What It's Worth,Buffalo Springfield ,80_39eAx3z8
She Loves You,Beatles The,nGbWU8S3vzs
Redemption Song,Bob Marley and the Wailers ,QrY9eHkXTa4
Jailhouse Rock,Elvis Presley,PpsUOOfb-vE
Tangled Up in Blue,Bob Dylan,QKcNyMBw818
Crying,Roy Orbison,qLC9o_unLq4
Walk On By,Dionne Warwick,xuVHEpQhi5U
Whole Lotta Shakin' Going On,Jerry Lee Lewis,RFxRTLmtsbE
Bo Diddley,Bo Diddley,3jrIK7YB0tE
Sunshine of Your Love,Cream ,zt51rITH3EA
Superstition,Stevie Wonder,ftdZ363R9kQ
Summertime Blues,Eddie Cochran,In7z7B87Puc
Whole Lotta Love,Led Zeppelin ,oaSk5vnAVJ8
Strawberry Fields Forever,Beatles The,HtUH9z_Oey8
Mystery Train,Elvis Presley,XA5HErVE9oI
I Got You (I Feel Good),James Brown and His Famous Flames ,B1wOK9yGUYM
You Really Got Me,Kinks The,fTTsY-oz6Go
Papa's Got A Brand New Bag,James Brown and His Famous Flames ,QE5D2hJhacU
California Girls,Beach Boys The,fmIsdMWzdaE
Norwegian Wood (This Bird Has Flown),Beatles The,Y_V6y1ZCg_8
Every Breath You Take,Police The,OMOGaugKpzs
Crazy,Patsy Cline,YWKeuYcDAoo
Thunder Road,Bruce  Springsteen,jte9PzIu9T4
Ring of Fire,Johnny Cash,QfCOJLRk2D4
My Girl,Temptations The,qEztui18cA8
California Dreamin',Mamas and the Papas The,N-aK6JnyFmk
In the Still of the Night,Five Satins The,Mcu7O3EI7hI
I Heard It Through the Grapevine,Marvin Gaye,hajBdDM2qdg
Blueberry Hill,Fats Domino,Pm4l43exh2M
I Still Haven't Found What I'm Looking For,U2 ,fo2Q-YH6vow
"Good Golly, Miss Molly",Little Richard,lQ6akiGRcL8
Blue Suede Shoes,Carl Perkins,mvsYRAc-BWA
Great Balls of Fire,Jerry Lee Lewis,V_FAqr6rP4w
Roll Over Beethoven,Chuck  Berry,WXQLyzeysGU
Love and Happiness,Al Green,rqqAnjY2Rmo
Fortunate Son,Creedence Clearwater Revival ,ZWijx_AgPiA
Crazy,Gnarls Barkley ,VzV9QExGFQs
Suspicious Minds,Elvis Presley,RxOBOhRECoo
Blitzkrieg Bop,Ramones ,skdE0KAFCEA
The Sound of Silence,Simon and Garfunkel ,NAEppFUWLfc
Be-Bop-A-Lula,Gene Vincent and His Blue Caps ,O4_5593-skQ
You Can’t Always Get What You Want,Rolling Stones The,oqMl5CRoFdk
Voodoo Child (Slight Return),Jimi Hendrix Experience The,IZBlqcbpmxY
Hot Stuff,Donna Summer,yg6Y_1_DJyI
Living for the City,Stevie Wonder,rc0XEw4m-3w
The Boxer,Simon and Garfunkel ,ISdjnIHaWsI
Mr. Tambourine Man,Bob Dylan,oecX_1pqxk0
Not Fade Away,Buddy Holly and the Crickets ,AyTtFNGzFsE
Little Red Corvette,Prince ,K0DAkJSp61w
Brown Eyed Girl,Van Morrison,TG8Ect3Xn7w
I’m So Lonesome I Could Cry,Hank Williams,4WXYjm74WFI
Up on the Roof,Drifters The,b_ksNvivbEI
Shout (Parts 1 and 2),Isley Brothers The,nEjLFpU2pJ4
I’ve Been Loving You too Long (to Stop Now),Otis Redding,FH9z5l04WX8
That’s All Right,Elvis Presley,NmopYuF4BzY
You Send Me,Sam Cooke,mrwfB4aAZZc
Honky Tonk Women,Rolling Stones The,dj7yd19aAW0
Take Me to the River,Al Green,9FBUgdhxe9M
Crazy in Love,Beyonce feat. Jay-Z ,IrYwp0ujwCs
Go Your Own Way,Fleetwood Mac ,6ul-cZyuYq4
I Want You Back,Jackson 5 The,DGDyAb6pePo
Stand By Me,Ben E. King,hwZNL7QVJjE
Will You Love Me Tomorrow,Shirelles The,cnPlJxet_ac
House of the Rising Sun,Animals The,N4bFqW_eu2I
"Shake, Rattle & Roll",Big Joe Turner,rJoTiZ0tHYc
Born to Be Wild,Steppenwolf ,5UWRypqz5-o
Maggie May,Rod Stewart,m2CQ0FvAZuw
In the Midnight Hour,Wilson Pickett,FGVGFfj7POA
Your Song,Elton John,GlPlfCy1urI
Family Affair,Sly and the Family Stone ,xag5RKD0VHk
All I Have to Do Is Dream,Everly Brothers The,25dAa293YUo
Rock Lobster,B-52’s The,ofkzvM7Skxg
Me and Bobby McGee,Janis Joplin,5Cg-j0X09Ag
Lust for Life,Iggy Pop,HuBU3pzy7is
Earth Angel,Penguins The,ecaOppjsOIE
I Only Have Eyes for You,Flamingos The,FvzNeh4Mq1o
(We’re Gonna) Rock Around the Clock,Bill Haley and His Comets ,DFHCy_joxaA
I’m Waiting for the Man,Velvet Underground The,MOmZimH00oo
Bring the Noise,Public Enemy ,mZF4G79OLkk
Nothing Compares 2 U,Sinead O’Connor,0-EF60neguk
Bohemian Rhapsody,Queen ,nEN5eeQbPL4
Fast Car,Tracy Chapman,JpscHOoGIqQ
Losing My Religion,R.E.M. ,xwtdhWltSIg
Both Sides Now,Joni Mitchell,aCnf46boC3I
99 Problems,Jay-Z ,nmy113gMds0
Dream On,Aerosmith ,sZfZ8uWaOFI
Dancing Queen,Abba ,xFrGuyw1V8s
God Save the Queen,Sex Pistols The,R8fLOJswWtk
I Fought the Law,Bobby Fuller Four The,OgtQj8O92eI
Free Fallin,Tom Petty,1lWJXDG2i0A
September Gurls,Big Star ,BNKSs1J38EA
Love Will Tear Us Apart,Joy Division ,QbhtVGskmzM
Hey Ya!,OutKast ,e0q3lby5bDQ
Green Onions,Booker T. and the MG’s ,_bpS-cOBK6Q
The Thrill is Gone,B.B. King ,4fk2prKnYnI
Back in Black,ACDC ,pAgnJDJN4VA
Stayin’ Alive,Bee Gees ,I_izvAbhExY
Free Bird,Lynyrd Skynyrd ,QxIWDmmqZzY
Rehab,Amy Winehouse,KUmZp8pR1uc
Wichita Lineman,Glen Campbell,AxSarBcsKLU
Sweet Child O’Mine,Guns n’ Roses ,1w7OgIMMRc4
Maybe,Chantels The,IePTH1PWzAs
Paranoid,Black Sabbath ,uk_wUT1CvWM
Comfortably Numb,Roger Waters,wpFo_E9Fq2k
Wish You Were Here,Pink Floyd ,6qQjvWXrNkg
Way of the World,"Earth, Wind and Fire ",QhW3P7_jvWY
Ohio,"Crosby, Stills, Nash and Young ",TRE9vMBBe10
Enter Sandman,Metallica ,CD-E-LDc384
I Want to Know What Love Is,Foreigner ,raNGeq3_DtM
Clocks,Coldplay ,d020hcWA_Wg
American Idiot,Green Day ,Ee_uujKuJMI
Won’t Get Fooled Again,Who The,SHhrZgojY1Q
Another Brick in the Wall Part 2,Pink Floyd ,YR5ApYxkU-U
Born in the U.S.A.,Bruce  Springsteen,lZD4ezDbbu4
Highway to Hell,ACDC ,l482T0yNkeo
Your Cheatin' Heart,Hank Williams,Jg2oR91_r5I
Pride (In the Name of Love),U2 ,897WjTBePik
Candle in the Wind,Elton John,OefdqK3jKi0
Baba O’Riley,Who The,x2KRpRMSu4g
Wild Horses,Rolling Stones The,ZNaqBBjrIZw
We Will Rock You,Queen ,-tJYN-eG1zk
Paradise City,Guns n’ Roses ,Rbm6GXllBiw
Rockin' in the Free World,Neil Young,TnAgc1kgvLc
I Love Rock ‘N Roll,Joan Jett and the Blackhearts ,xL5spALs-eA
Tears in Heaven,Eric Clapton,tUU1GLMdnkM
Hallelujah,Jeff Buckley,y8AWFf7EAc4
While My Guitar Gently Weeps,Beatles The,VJDJs9dumZI
Eleanor Rigby,Beatles The,HuS5NuXRb5Y
I Saw Her Standing There,Beatles The,oxwAB3SECtc
A Hard Day’s Night,Beatles The,AMSiHdrHl0g
Please Please Me,Beatles The,czw8eqepir8
Come Together,Beatles The,45cYwDMibGo
Something,Beatles The,UelDrZ1aFeY
With a Little Help From My Friends,Beatles The,0C58ttB2-Qg
All You Need is Love,Beatles The,vAJRBIHkQFs
Ticket to Ride,Beatles The,VMxyK9azXR4
Penny Lane,Beatles The,S-rB0pHI9fU
Rain,Beatles The,cK5G8fPmWeA
Can’t Buy Me Love,Beatles The,TBSpmoA8V78
Jumpin’ Jack Flash,Rolling Stones The,DARZS3ipWoI
Paint it Black,Rolling Stones The,nVrdXUHvsF0
Street Fighting Man,Rolling Stones The,BUt0dZXPFoU
Ruby Tuesday,Rolling Stones The,ADtnUC_ctNk
Tumbling Dice,Rolling Stones The,J1EWf6O77jE
Beast of Burden,Rolling Stones The,8On3UiBOTdQ
Brown Sugar,Rolling Stones The,Fmfi3UbDPnQ
Miss You,Rolling Stones The,KuRxXRuAz-I
Kashmir,Led Zeppelin ,tzVJPgCn-Z8
I Can See For Miles,Who The,kb5mRBMZbYo
Black Dog,Led Zeppelin ,yBuub4Xe1mw
Heartbreaker,Led Zeppelin ,EUFGJvYlPFk
Drive,Cars The,DrgSzcctUyY
I Can’t Explain,Who The,Wf0d2Rx52wI
Ramble On,Led Zeppelin ,DW5ZLyY9w0Y
It’s A Man’s Man’s Man’s World,James Brown,wd1-HM234DE
With or Without You,U2 ,oNvWDP_GkiY
"Please, Please, Please",James Brown and His Famous Flames ,o4w454Lape8
Purple Rain,Prince and the Revolution ,S6Y1gohk5-A
Foxey Lady,Jimi Hendrix Experience The,_PVjcIO4MT4
Rave On,Buddy Holly and the Crickets ,04E24MKU3yU
Proud Mary,Creedence Clearwater Revival ,UUA-3WHCqbM
Moment of Surrender,U2 ,-k18rlUe_nc
Folsom Prison Blues,Johnny Cash,_Xyp63MaSBs
I Can’t Stop Loving You,Ray Charles,r_7iRVtxui8
Don’t Worry Baby,Beach Boys The,lW0YGC68qP4
Desolation Row,Bob Dylan,hUvcWXTIjcU
Who’ll Stop the Rain,Creedence Clearwater Revival ,JNrsJNtd_bc
Knockin’ on Heaven’s Door,Bob Dylan,rm9coqlk8fY
Peggy Sue,Buddy Holly,QzDzt9lGwhM
Don’t Be Cruel,Elvis Presley,ViMF510wqWA
Rock & Roll Music,Chuck  Berry,k_F1mmC3Nhg
Cathy’s Clown,Everly Brothers The,PXvKAWiU_cQ
Let’s Get It On,Marvin Gaye,x6QZn9xiuOE
Save the Last Dance for Me,Drifters The,QFoBreVWa7M
There Goes My Baby,Drifters The,i3HXy9mGPpI
Tapestry,Carole King,GJ-lGU5TTKc
You've got a friend,Carole King,Hnu53l7brEE
Will You Still Love Me Tomorrow,Carole King,-Xzymu-e-jk
Tragedy,Bee Gees ,SPcsMMEMbfw
Reunited,Peaches and Herb ,26J0uDIGErM
The Logical Song,Supertramp ,fBoYZqmcZuc
Carry On,"Crosby, Stills, Nash and Young ",nP0VBB7BO64
Teach Your Children,"Crosby, Stills, Nash and Young ",EkaKwXddT_I
Helpless,"Crosby, Stills, Nash and Young ",6FUsj-btBIk
Woodstock,"Crosby, Stills, Nash and Young ",HKdsRWhyH30
Our House,"Crosby, Stills, Nash and Young ",rrW7Mc3_wSc
Suite: Judy Blue Eyes,"Crosby, Stills & Nash ",rDEiLImUUM8
Last Train to London,Electric Light Orchestra ,qXXZMebT3m8
Sundown,Gordon Lightfoot,s8rR7E6NfY4
Slip Slidin' Away,Paul Simon,5_H-LY4Jb2M
You're In My Heart,Rod Stewart,O-xHOR8_ZSU
Wonderful Tonight,Eric Clapton,vUSzL2leaFM
My Cherie Amour,Stevie Wonder,b0Gu-CyE-NQ
Sir Duke,Stevie Wonder,s6fPN5aQVDI
Barracuda,Heart ,s4nWy8pmIM4
The Great Pretender,Platters The,rwfmbXJEBtY
Still Crazy After All These Years,Paul Simon,Ksa4VjKE3RY
November Rain,Guns n’ Roses ,8SbUC-UaAxE
Walk This Way,Aerosmith ,5UFFa1HbFfA
Runnin With The Devil,Van Halen ,Bl4dEAtxo0M
Ace Of Spades,Motorhead ,vcf7DnHi54g
Breaking The Law,Judas Priest ,XPhPbTbjYM0
Photograph,Deff Leppard ,nUW5nyM1O5o
Run To The Hills,Iron Maiden ,geHLdg_VNww
Dr. Feelgood,Motley Crue ,QhTecyrvRXk
Rock And Roll All Nite,Kiss ,o8mzIyIOdm0
Fame,Irene Cara,o2jh7N7Fldk
On the Radio,Donna Summer,EIl0UEwMnCA
Smooth Operator,Sade ,4TYv2PhG89A
I Wanna Rock,Twisted Sister ,SRwrg0db_zY
Blurred Lines,Robin Thicke,zwT6DZCQi9k
Believe,Cher ,4p0chD8U8fA
I Will Always Love You,Whitney Houston,3JWTaaS7LdU
(Everything I Do) I Do It For You,Bryan Adams,La0IJPt0t4Q
Happy,Pharrell Williams,y6Sxv-sUYtM
Uptown Funk!,Mark Ronson,OPf0YbXqDm0
I Gotta Feeling,Black Eyed Peas ,SPjrXbSSGOQ
Gangsta's Paradise,Coolio ,cpGbzYlnz7c
I'll Be Missing You,Puff Daddy & Faith Evans ,tJalXjMXqhc
Waiting for a Girl Like You,Foreigner ,20qVro3bcJI
The Power of Love,Celine Dion,Y8HOfcYWZoo
All By Myself,Celine Dion,NGrLb6W5YOM
I'm Alive,Celine Dion,NJsa6-y4sDs
My Heart Will Go On,Celine Dion,9bFHsd3o1w0
Because You Loved Me,Celine Dion,fpl4if07ics
It Must Have Been Love,Roxette ,hHe_e7MpCTQ
Listen to Your Heart,Roxette ,01VrpOfPdw4
Flashdance,Irene Cara,GelOkOzQ9cw
Somebody That I Used To Know,Gotye ,8UVNT4wvIGY
Wake Me Up,Avicii ,5s2hEo1DtY0
Tonight’s the Night,Shirelles The,wzCDwGw6tdA
Eruption,Van Halen ,sI7XiJgt0vY
Cowgirl in the Sand,Neil Young,ml76AxtO0kE
Black Sabbath,Black Sabbath ,X3c3gsjgdXA
Guilty,Barbra Streisand,LyxlmF71_qI
Woman in Love,Dana Winner,aKQGARYH1j0
Run Wild,Barbra Streisand,9KJaP9PJZSQ
September,"Earth, Wind and Fire ",ter0p_iyIxk
Bad Girls,Donna Summer,HzxW4eu9heY
Roxanne,Police The,WXzFCS72QIA
One Love / People Get Ready,Bob Marley and the Wailers ,vdB-8eLEW8g
How Will I Know,Whitney Houston,FqAGSKQn0VM
Cotton Fields,Creedence Clearwater Revival ,C4zPEmRufMU
Suzie Q,Creedence Clearwater Revival ,1mxaA-bJ35s
Have You Ever Seen the Rain,Creedence Clearwater Revival ,u1V8YRJnr4Q
Fire and Rain,James Taylor,EbD7lfrsY2s
You've Got a Friend,James Taylor,3WJ1cf3nrLE
Handy Man,James Taylor,W551fO839oc
Moondance,Van Morrison,6lFxGBB4UGU
"He Ain't Heavy, He's My Brother",Hollies The,iPDl9yKSnDE
I'll Be There,Jackson 5 The,84zsExtaKHY
All Right Now,Free ,bpLv4M4paSI
Make It With You,Bread ,8ATI4S7N9ks
If,Bread ,wjgJh0Nwbt4
Aubrey,Bread ,9IWxocGm21U
"Signed, Sealed, Delivered (I'm Yours)",Stevie Wonder,cBDqgSOwxkc
We didn't start the fire,Billy Joel,eFTLKWw542g
Running on Empty,Jackson Browne,8I5vJnW-aW4
I Will Survive,Gloria Gaynor,ZBR2G-iI3-I
Under the Boardwalk,Drifters The,EPEqRMVnZNU
Lady Marmalade,LaBelle ,t4LWIP7SAjY
Cry Me a River,Justin Timberlake,DksSPZTZES0
White Rabbit,Jefferson Airplane ,EUY2kJE0AZE
Since U Been Gone,Kelly Clarkson,R7UrFYvl5TE
My Sweet Lord,George Harrison,04v-SdKeEpE
Cupid,Sam Cooke,S28tILqie1o
I Shot the Sheriff,Bob Marley and the Wailers ,nrnZSLwfzVs
In Da Club,50 Cent ,5qm8PH4xAss
Love Me Tender,Elvis Presley,-Y-bd3aDMGA
Changes,David Bowie,BPPSu0vaNWA
Who Do You Love?,Bo Diddley,1_3xCw4wJqQ
Everyday People,Sly and the Family Stone ,YUUhDoCx8zc
I Wanna Be Sedated,Ramones ,vves6CqmVic
Eight Miles High,Byrds The,J74ttSR8lEg
Papa Was a Rollin’ Stone,Temptations The,pJV2pWFyfn4
I Never Loved a Man (the Way I Love You),Aretha  Franklin,pxb-9p5hdRY
Hot Fun in the Summertime,Sly and the Family Stone ,Bg0tFRea0wA
The Night They Drove Old Dixie Down,Band The,v3JaosE-gZE
(Your Love Keeps Lifting Me) Higher and Higher,Jackie Wilson,mzDVaKRApcg
Gimme Some Lovin',The Spencer Davis Group ,ko3m0NBbq1o
Love Shack,B-52’s The,9SOryJvTAGs
Rocket Man,Elton John,DtVBCG6ThDk
Stand!,Sly and the Family Stone ,14yEO8nfqxE
The Wanderer,Dion ,IkoidwsLXCg
Son of a Preacher Man,Dusty Springfield,dp4339EbVn8
I Fall to Pieces,Patsy Cline,iuZTk1hdpMs
Planet Rock,Afrika Bambaataa and the Soul Sonic Force ,hh1AypBaIEk
I Got a Woman,Ray Charles,CnI_LuCJ4Ek
Everyday,Buddy Holly and the Crickets ,GMezwtB1oCU
I'll Feel a Whole Lot Better,Byrds The,to-RVV_3anw
Paper Planes,M.I.A. ,ewRjZoRtu0Y
We Gotta Get Out of This Place,Animals The,wJVpihgwE18
Only the Lonely,Roy Orbison,kjq4wYuwgxs
Sexual Healing,Marvin Gaye,eA4_O3oeJCw
Just Like a Woman,Bob Dylan,dRLXZVojdhQ
Moondance,Van Morrison,6lFxGBB4UGU
Mannish Boy,Muddy Waters,w5IOou6qN1o
Good Times,Chic ,oQT9rT74WYM
Should I Stay Or Should I Go,Clash The,oGIFublvDes
Hoochie Coochie Man,Muddy Waters,fQ4NFsw4bOU
Dance to the Music,Sly and the Family Stone ,Jn2PNlhvy8E
"Oh, Pretty Woman",Roy Orbison,lnRS3A_iIYg
Walk on the Wild Side,Lou Reed,0KaWSOlASWc
Walk Away Renee,The Left Banke ,6uqBTzfcIk4
Spoonful,Howlin’ Wolf ,3LFjHo7Cdrw
Boom Boom,John Lee Hooker,rOyj4ciJk34
Jolene,Dolly Parton,Ixrje2rXLMA
Do You Believe in Magic,Lovin’ Spoonful The,JnbfuAcCqpY
1999,Prince ,weUhBGA8mxo
"Caroline, No",Beach Boys The,7w7ZeSIC6K0
96 Tears,? and the Mysterians ,Y_Ax2N-VmfQ
In My Room,Beach Boys The,l71pbhqnvNM
Gloria,Them ,VlWiQ69DGE0
Bye Bye Love,Everly Brothers The,LRyrWN-fftE
"Reach Out, I'll Be There",Four Tops The,KnDm3qr1Knk
Lean On Me,Bill Withers,-59COFjB6Sk
Try a Little Tenderness,Otis Redding,UnPMoAb4y8U
Positively 4th Street,Bob Dylan,aehwEu8SBSo
Bizarre Love Triangle,New Order ,7uEBuqkkQRk
Loser,Beck ,YgSPaXgAdzE
Flash Light,Parliament ,rYuMXGMcuNA
Hey Joe,Jimi Hendrix Experience The,rXwMrBb2x1Q
Stan,Eminem feat. Dido ,gOMhN-hfMtY
Call Me,Blondie ,StKVS0eI85I
Heart of Glass,Blondie ,WGU_4-5RaxU
Chain of Fools,Aretha  Franklin,o0s5CP2kXsc
Walk This Way,Aerosmith ,4c8O2n1Gfto
Beat It,Michael Jackson,oRdxUFDoQe0
Da Ya Think I’m Sexy?,Rod Stewart,Hphwfq1wLJs
Like A Prayer,Madonna ,rDnUIXF2ly8
One Way or Another,Blondie ,Fnb1xYDViDs
Heart of Gold,Neil Young,__ziwctF1I0
Roxanne,Police The,3T1c7GkzRQQ
Tiny Dancer,Elton John,yYcyacLRPNs
Hit the Road Jack,Ray Charles,UmH-0Pz13Wg
White Room,Cream ,V5BF1V1pbTs
How Deep Is Your Love,Bee Gees ,NQNWQt5VPSM
The Letter,Box Tops The,HIWY8UyW9bw
96 tears,? and the Mysterians ,R7uC5m-IRns
Close to You,Carpenters ,6inwzOooXRU
Smoke on the Water,Deep Purple ,Q2FzZSBD5LE
Reflections of My Life,Marmalade The,xTeI65yrhGw
"Look What They've Done To My Song, Ma",New Seekers The,mGpLawWbaOA
Child in Time,Deep Purple ,YGao3TTXE5k
Evil Ways,Santana ,nPauXWjY4T8
Diary,Bread ,gbiOsYzD-Dc
Raindrops Keep Falling On My Head,B. J. Thomas,JebowNHkA_M
The Long and Winding Road,Beatles The,JrcYPTRcSX0
Get Ready,Rare Earth ,6Ngwmf4Sz84
How Can You Mend a Broken Heart,Bee Gees ,kL9wJAND1WI
"Take Me Home, Country Roads",John Denver,KSmh6FO3T74
Amazing Grace,Judy Collins,p5NCyuRhoGY
The Night They Drove Old Dixie Down,Joan Baez,nnS9M03F-fA
We’ve Only Just Begun,Carpenters ,__VQX2Xn7tI
It's Too Late/I Feel the Earth Move,Carole King,6152P3NNnGk
For All We Know,Carpenters ,v5QkLwZPOXQ
Ain’t No Sunshine,Bill Withers,YuKfiH0Scao
If You Could Read My Mind,Gordon Lightfoot,J4r2KpGyyyA
(Where Do I Begin?) Love Story,Andy  Williams,ad9SV2rb4Ns
Wake Up Little Susie,Everly Brothers The,LojqhHnmyvc
The Loco-Motion,Little Eva,llYN039ixy8
Bad Moon Rising,Creedence Clearwater Revival ,5BmEGm-mraE
Killing Me Softly With His Song,Roberta Flack,DEbi_YjpA-Y
Ode to Billie Joe,Bobbie Gentry,cJZ_ViDADOE
Piano Man,Billy Joel,gxEPV4kolz0
Welcome to the Jungle,Guns n’ Roses ,o1tj2zJ2Wvg
Umbrella,Rihanna Featuring Jay-Z ,CvBfHwUxHIk
Bitter Sweet Symphony,Verve The,1lyu1KKwC74
Baby Love,Supremes The,iOA_Vy-MKFA
Iron Man,Black Sabbath ,5s7_WbiR79E
Train in Vain,Clash The,aUzBgeI5dpc
You Are the Sunshine of My Life,Stevie Wonder,SbenaOqv4yQ
Sweet Little Sixteen,Chuck  Berry,TQsMuCwwL3g
Higher Ground,Stevie Wonder,1esf0efHbjM
Wild Thing,Troggs The,JiqkcyLZrg4
Money (That’s What I Want),Barrett Strong,yeVx1C73o8k
She’s Not There,Zombies The,it68QbUWVPM
In Dreams,Roy Orbison,MVRunwyoTMA
Spirit in the Sky,Norman Greenbaum,n95A6G9IxlM
Beautiful Day,U2 ,co6WMzDOh1o
What’s Love Got to Do With It,Tina Turner,oGpFcHTxjZs
I Can’t Make You Love Me,Bonnie Raitt,nW9Cu6GYqxo
Blue Eyes Crying in the Rain,Willie Nelson,JA644rSZX1A
Cortez the Killer,Neil Young,uX9k9aoX6gk
Maybe I’m Amazed,Paul McCartney,DNh5Ca1dIXM
Piece of My Heart,Big Brother and the Holding Company ,SCngPse1iiI
Unchained Melody,Righteous Brothers The,EQTLtVjsabM
Wonderful World,Sam Cooke,R4GLAKEjU4w
Goodbye Yellow Brick Road,Elton John,wy709iNG6i8
Runaround Sue,Dion ,4NQLmUOgT5M
Spanish Harlem,Ben E. King,OGd6CdtOqEE
All Shook Up,Elvis Presley,23zLefwiii4
Sweet Dreams (Are Made of This),Eurythmics ,qeMFqkcPYcg
Little Wing,Jimi Hendrix Experience The,72ABomY0MmA
Got My Mojo Working,Muddy Waters,aI_JFcrTooM
The Harder They Come,Jimmy Cliff,7Znh0OM9jiA
Baby I Need Your Loving,Four Tops The,joqjBAJx4ZA
Shop Around,Smokey Robinson and the Miracles ,AQGXa3FiXKM
Subterranean Homesick Blues,Bob Dylan,MGxjIBEZvx0
Fight the Power,Public Enemy ,8PaoLy7PHwk
Where Did Our Love Go,Supremes The,qTBmgAOO0Nw
Kiss,Prince and the Revolution ,H9tEvfIsDyo
The Twist,Chubby Checker,im9XuJJXylw
Pink Houses,John Cougar Mellencamp,qOfkpu6749w
The Boys of Summer,Don Henley,P8Jw5FbKbK0
The Older I Get,Alan Jackson,VfJcC5bzNAQ
Love and Hate,Michael Kiwanuka,w44dlsnJ1no
Someone You Loved,Lewis Capaldi,FGGo8LFmbjs
Perfect,Ed Sheeran,9H_sZO0yJKs
Always Remember Us This Way,Lady Gaga,6-Dci8X2Zvk
Because You Loved Me,Anonymous Singer,c5OebIpqKec
All Too Well,Taylor Swift,r0yq_yXFQhg
Flowers,Miley Cyrus,Sok3OorM9w8
Shallow,Lady Gaga,bo_efYhYU2A
Let Her Go,Passenger ,xv1EprTdgBE
Thinking Out Loud,Ed Sheeran,H9kcLTStfpQ
Your Man,Josh Turner,nADTbWQof7Y
Forever Young,UNDRESSD ,7c5S50Eh36k
What's Up,4 Non Blondes ,6NXnxTNIWkc
Faded,Alan Walker,yr8LpXvtrhQ
White Flag,Dido ,j-fWDrZSiZs
Life for Rent,Dido ,Bwt9GZmAWKo
More Than Words,Extreme ,UrIiLvg58SY
Shape of You,Ed Sheeran,JGwWNGJdvx8
Opalite,Taylor Swift,3PJC6uPIekc
The Fate of Ophelia,Taylor Swift,ko70cExuzZM
You're Beautiful,James Blunt,oofSnsGkops
Thank You,Dido ,EGXtEE-YX7s
Cold Heart,Elton John,qod03PVTLqk
Eternal Flame,The Bangles,YpGs0grxfvU
I Hate Myself for Loving You,Joan Jett and the Blackhearts ,bpNw7jYkbVc
Against the Wind,Bob Seger,lB9sBvE254E
Tequila Sunrise,Eagles The,bZxhQJC9hWk
Peaceful Easy Feeling,Eagles The,PPYYfYAWoj8
See You Again,Wiz Khalifa,RgKAFK5djSk
Chan Fu (CN),Ma Jiantao,GexT3LET3Ts
Memories,Maroon 5 ,SlPhMPnQ58k
Mei Chu Xi (CN),Wang Luo Ge Shou,D--sPRrefn8
Sunflower,Post Malone,ApXoWvfEYVU
I Love You,Vanny Vabiola,z1fq-KhPg4E
Time of Our LIves (CN),Zhao Lei,WtYx1geh_sg
Home,Michael Buble,1EfmsubBc-U
One More Night,Maroon 5 ,fwK7ggA3-bU
Someone Like You,Adele ,hLQl3WQQoQ0
Need You Now,Antebellum Lady,eM213aMKTHg
Zombie,Cranberries The,6Ejga4kJUts
All of Me,John Legend,450p7goxZqg
Dreams,Fleetwood Mac ,v4fH2G0DclA
Bleeding Love,Leona Lewis,Vzo-EL_62fQ
Girl on Fire,Alicia Keys,J91ti_MpdHA
Bad Guy,Billie Eilish,DyDfgMOUjCI
Family Affair,Mary J.Blige,znlFu_lemsU
You’re Still The One,Shania Twain,KNZH-emehxA
End Of The Road,Boyz II Men ,zDKO6XYXioc
Un-Break My Heart,Toni Braxton,p2Rch6WvPJE
Rolling in the Deep,Adele ,rYEDA3JcQqw
Just The Way You Are,Bruno Mars,LjhCEhWiKXk
Total Eclipse of the Heart (Turn Around),Bonnie Tyler,lcOxhH8N3Bo
Just Give Me A Reason,P!nk ,OpQFFLBMEPI
How Do I Live,LeAnn Rimes,MUFasKZcH_c
Angel,Sarah McLachlan,VLZ9Ike2Geo
One Night In Bangkok,Murray Head,rgc_LRjlbTU
Dust in the Wind,Kansas ,tH2w6Oxx0kQ
Take It Easy,Eagles The,AaBw37-nWaY
Desperado,Eagles The,FiPqUjLMuA8
Here Comes The Sun,Beatles The,KQetemT1sWc
Careless Whisper,George Michael,izGwDsrQ1eQ
I'd Rather Go Blind,Etta James,rmREDIEePBU
People Get Ready,Rod Stewart,yC_j_dzkaVE
Don't Stop Believin',Journey ,VcjzHMhBtf0
Girls Just Want To Have Fun,Cyndi Lauper,PIb6AZdTr-A
With A Little Help From My Friends,Joe Cocker,rr0X1wJ7lx8
What A Wonderful World,Louis Armstrong,rBrd_3VMC3c
Massachusetts,Bee Gees ,FuoWykVNwyI
Don't Worry Be Happy,Bobby McFerrin,d-diB65scQU
Karma Chameleon,Culture Club ,JmcA9LIIXWw
Yellow,Coldplay ,yKNxeF4KMsY
Streets of London,Ralph McTell,SpLMpu2-MXo
Last Christmas,Wham ,E8gmARGvPlI
Honey,Bobby Goldsboro,htV9mrrb5rA
Right Here Waiting,Richard Marx,S_E2EHVxNAE
Wind Of Change,Scorpions ,n4RjJKxsamQ
Please Forgive Me,Bryan Adams,7x8wPt8xarE
Jive Talkin',Bee Gees ,oALKAh_bL5g
You Should Be Dancing,Bee Gees ,AnV2iqSnty0
Too Much Heaven,Bee Gees ,i6iBAuwBODA
Night Fever,Bee Gees ,SkypZuY6ZvA
I Started A Joke,Bee Gees ,XYb-w39sGlY
Thriller,Michael Jackson,sOnqjkJTMaA
Smooth Criminal,Michael Jackson,sFvENQBc-F8
Man In The Mirror,Michael Jackson,PivWY9wn5ps
Style,Taylor Swift,-CmadmM5cOk
cardigan,Taylor Swift,K-a8s8OLBSE
Blank Space,Taylor Swift,e-ORhEE9VVg
Anti-Hero,Taylor Swift,b1kbLwvqugk
Love Story,Taylor Swift,8xg3vE8Ie_E
You Belong With Me,Taylor Swift,VuNIsY6JdUw
Shake It Off,Taylor Swift,2CEotxDS6gc
Wildest Dreams,Taylor Swift,IdneKLhsWOQ
Sacrifice,Elton John,NrLkTZrPZA4
Don't Let Me Down,Beatles The,NCtzkaL2t_Y
Nothing's Gonna Stop Us Now,Starship ,3wxyN3z9PL4
Don’t Let the Sun Go Down on Me,Elton John,RsKqMNDoR4o
Bennie and the Jets,Elton John,wo1OwRTRKRk
Something About the Way You Look Tonight,Elton John,B93Tir6l5FA
Angie,Rolling Stones The,RcZn2-bGXqQ
As Tears Go By,Rolling Stones The,3P0COo6jSlY
To Love Somebody,Bee Gees ,0kUsuIvE0_8
รวมเพลง ใหม่ เจริญปุระ (TH),ใหม่  เจริญปุระ,Tr30lqzUOKY
ถ้าหัวใจมีปีก (TH),ไข่มุก เพ็ญสินี,34AMaQvtAsc
คนจะรักกัน (TH),สุเทพ วงศ์กำแหง,QSY_hjAZsSA
สวยจริงๆ (TH),สุรพล สมบัติเจริญ,RqiKNIU9pxU
ยิ้มกลางสายฝน (TH),หงา คาราวาน,3ImUY-AQSrw
เสมอ (TH),พงษ์สิทธิ์ คำภีร์,wHYEYJGURpM
แสงจันทร์ (TH),ไข่ มาลีฮวนน่า,MkwaSaRm5Qc
ลุงขี้เมา (TH),คาราบาว ,IHvzsDAZCzc
ความเงียบดังที่สุด (TH),Getsunova ,TMr6subvuQI
ขอใจเธอแลกเบอร์โทร (TH),หญิงลี ศรีจุมพล,CKDwsFbq1_c
ตราบธุลีดิน (TH),ปู่จ๋านลองไมค์ ,V4pdp4d4NWo
รักเอ๋ย (TH),ธงไชย แมคอินไตย์,Qbr7CH40OS4
ถั่งโถมโหมแรงไฟ (TH),หงา คาราวาน,U5kzBaIqrY0
แสงดาวแห่งศรัทธา (TH),เพ็ญศรี พุ่มชูศรี,RuNaF6R59cg
อยู่ตรงนี้ (TH),พงษ์สิทธิ์ คำภีร์,w827Ayb9I0w
รักคงยังไม่พอ (TH),ธนพล อินทฤทธิ์,JXI21WGBItA
แสงสุดท้าย (TH),bodyslam ,bRpZzTkO9kc
คืนรัง (TH),หงา คาราวาน,hCA2aaMHFOs
แค่นั้น (TH),พงษ์สิทธิ์ คำภีร์,uJsYYsVb9Ys
Old Love,Eric Clapton,vSHPkq6aYSs
 I Don't Want to Talk About It,Rod Stewart,w46bWxS9IjY
ซมซาน (TH),เสก โลโซ,2dSGCzeuPlA
ใจสั่งมา (TH),เสก โลโซ,RXZ5X_LGX9Q
คืนจันทร์ (TH),เสก โลโซ,G2JFOEFmnnI
ดอกไม้ให้คุณ (TH),หงา คาราวาน,tpyIqj06Acs
Sukiyaki (JP),Kyu Sakamoto,sOSnOqSTI0Q
Subaru (JP),Shinji Tanimura,gbsGmF8u68Y
Just Like You (CN),Chris Lee,3Sj8F6Rdjg0
Child (PH),Freddie Aguilar,o-n6ok1uLjQ
Tian Mi Mi (CN),Teresa Teng,tc2tW0jFHPo
The Moon Represents My Heart (CN),Teresa Teng,bv_cEeDlop0
Morning Has Broken,Cat Stevens,j_efw1-3OvU
Cat's In The Cradle,Harry Chapin,OcNsiccdDyU
One More Light,Linkin Park ,Tm8LGxTLtQk
